"ensembl_gene_id","chromosome_name","start_position","end_position","Gene.ID","baseMean","log2FoldChange","lfcSE","stat","pvalue","padj","Gene.Name"
"ENSG00000154096","chr11",119415476,119424985,"ENSG00000154096",3146.01390083656,12.3719335390021,0.84061680664817,14.7176852058589,4.96361829317297e-49,1.10634539374559e-46,"THY1"
"ENSG00000166049","chrX",151563675,151676739,"ENSG00000166049",251.228544115509,11.075917995185,1.19214485921073,9.29074844353897,1.53207159121708e-20,8.57610303047043e-19,"PASD1"
"ENSG00000198879","chr10",7158624,7411488,"ENSG00000198879",260.22213715198,-11.8075339864908,1.20886180674415,-9.76748038577893,1.55265329709711e-22,1.03445525919095e-20,"SFMBT2"
