ensembl_gene_id,chromosome_name,start_position,end_position,Gene.ID,baseMean,log2FoldChange,lfcSE,stat,pvalue,padj,Gene.Name,Significant_Pathways,Disease,Analysis_Type
ENSG00000154096,chr11,119415476,119424985,ENSG00000154096,3146.01390083656,12.3719335390021,0.84061680664817,14.7176852058589,4.9636182931729695e-49,1.10634539374559e-46,THY1,positive regulation of leukocyte cell-cell adhesion (GO:1903039),SNAI1_KO_Analysis,RNA-Seq (Upregulated)
ENSG00000108691,chr17,34255274,34257208,ENSG00000108691,2157.84979051049,8.49296456233571,0.282960622350454,30.0146518331337,6.31925997196812e-198,3.87339039981786e-194,CCL2,positive regulation of leukocyte cell-cell adhesion (GO:1903039),SNAI1_KO_Analysis,RNA-Seq (Upregulated)
ENSG00000136244,chr7,22725884,22732002,ENSG00000136244,67.5173448894437,3.26997789012148,0.419724285971757,7.79077599131711,6.659889637723341e-15,2.1541843553786399e-13,IL6,positive regulation of leukocyte cell-cell adhesion (GO:1903039),SNAI1_KO_Analysis,RNA-Seq (Upregulated)
ENSG00000119508,chr9,99821855,99866891,ENSG00000119508,11.8320780925943,2.62036344609603,0.910591972881001,2.87764830366945,0.0040065153722098,0.0147450831425758,NR4A3,positive regulation of leukocyte cell-cell adhesion (GO:1903039),SNAI1_KO_Analysis,RNA-Seq (Upregulated)
ENSG00000231389,chr6,33064569,33080781,ENSG00000231389,20.0769394015305,2.04372583153926,0.671657529160629,3.04280938247399,0.0023438074828181,0.0093352021279355,HLA-DPA1,positive regulation of leukocyte cell-cell adhesion (GO:1903039),SNAI1_KO_Analysis,RNA-Seq (Upregulated)
